Start,End,Seq,Length,Color,Note 
12[242],16[229],ATTAATTAATTTTCCCTTATCCTGTAGAAT,30,#FCB727,Scaf :1 
16[228],23[242],ATATGAATTTCATTAGGGTTGCCGAAATCGGCAAAATCCC,40,#FCB727,Scaf :1 
1[40],6[39],TTAACAACCATGTTTACAACAATCGCACGGGAAC,34,#DD642D,Scaf :1 
14[236],14[237],GCTACTAACCTTGCTTCACCCA,22,#FCB727,Scaf :1 
5[104],2[104],AAATTTTTAGACTAATGCAGAACGACAATGAAATAGCAATAGCTATCT,48,#DD642D,Scaf :1 
7[40],6[60],GAGAGATATTAACCGTTGATTAGTAATAACATCACTTGCCTTCAG,45,#DD642D,Scaf :1 
6[59],0[39],AGGTCCGTGGTGCAAAAGGGTACAGCGCGCCAACATTCAACAGTAGGGCTTAA,53,#DD642D,Scaf :1 
20[236],20[237],CGAGATTGAATTACCTATAGCC,22,#FCB727,Scaf :1 
22[236],22[237],GCCAGTTAACACCGCCCTGAGA,22,#FCB727,Scaf :1 
16[236],16[237],AAATCCCAGCTTTCATGTACAT,22,#FCB727,Scaf :1 
19[204],13[218],AAAATTAATTACTGGGAACAATTCGCGTCTGGCCTGAATCCTTTTA,46,#FCB727,Scaf :1 
13[220],17[242],CCTGTGAGTGAAAATTTTATTTGAAGCCTTAAATCAAGA,39,#FCB727,Scaf :1 
36[221],43[203],AGATGAACGGTGTACAGACCAGGCGCATAGCGCGTTTTTAACACTGCCAGCCACCCTC,58,#7CBB41,Scaf :1 
43[204],43[212],AGAGTAATGCCCATAAGTTTTAACGGGGTCAGTCCCGTATAAACAGTCCACC,52,#7CBB41,Scaf :1 
43[213],41[221],ACCCTCATACCCTCAGAACCGCTTGCGGTATGAGC,35,#7CBB41,Scaf :1 
27[66],34[74],AAGCCTCAGAGCATAGGCAAAGAATTATTTGCGGGAGACCGACTGTA,47,#803E99,Scaf :1 
34[73],30[84],GCGCGTTCCGAAGCCCTTTTTAAGAAAAGAGCGTCAGATATATTCTACA,49,#803E99,Scaf :1 
30[83],25[98],GGCAAAAGCTAACACTATCACATCAGTTGGCATAGTAGA,39,#803E99,Scaf :1 
25[100],31[115],CAGCTCATGGTCGCACAGGCGGCCTTTCGCCGACACAGGGAGTTAAA,47,#803E99,Scaf :1 
42[221],39[214],TCCAACAGGTCAGGCTTCAAA,21,#7CBB41,Scaf :1 
39[215],38[208],GCGAACCCCAATAGGAACCCAACCGAACTGACCTGCGGCTGGTAATG,47,#7CBB41,Scaf :1 
38[207],42[204],GGTAAAGGCATAAGGGATGTACCGAATTCGAGATTA,36,#7CBB41,Scaf :1 
42[203],47[187],GAGAGTACCTTTTACTGGTACCTGCCTATTTCGGATAAG,39,#7CBB41,Scaf :1 
47[188],38[187],TATAACAGCCCTCATAGTTAGGCGCTTTCGCACTCCTCG,39,#7CBB41,Scaf :1 
38[186],37[171],TCATAAACATCCCTTACACTACT,23,#7CBB41,Scaf :1 
37[172],39[168],TAGCCGGAACGAGACCTTCATCAAGAGTAATCTTGAGATTAAGAG,45,#7CBB41,Scaf :1 
39[169],45[162],GAAGCCCTAAGAGGTCATTTTTGCGT,26,#7CBB41,Scaf :1 
45[163],41[152],CATACCATGAAAGTATTAAGAAGGCGGAGTTTTGTCGTCTTTCCTGGAGGTGT,53,#7CBB41,Scaf :1 
41[153],38[145],CCAGCATCAGCAAATCGTTAA,21,#7CBB41,Scaf :1 
38[144],39[138],CGGCATCAGATTGTGTCGAAATCCGGGATATTCATTACCCAAATCAACTAGTCAGAAGC,59,#7CBB41,Scaf :1 
39[139],46[131],AAAGCTAATTGCTGAATATAGCGCAGTCGAGAA,33,#7CBB41,Scaf :1 
46[130],45[112],GGATTCAAAGACAAAAGGGCGACATTTCCTCATTA,35,#7CBB41,Scaf :1 
45[113],39[115],AAGCCAGAATGGAAAATGCTGTAGCTCAACATTTA,35,#7CBB41,Scaf :1 
39[116],41[139],CCCTGACTATTAGTAACAAATATCATCGCCTGATAAATGCCGGGCAACCAGCTTA,55,#7CBB41,Scaf :1 
41[140],46[142],CGGCAGACGTTAGTAAATGATTAGCGGGGTTTTGCTCAGTACCGGCTGAGACT,53,#7CBB41,Scaf :1 
46[141],45[150],CCTCAATCTGAATTTACCGTT,21,#7CBB41,Scaf :1 
45[151],37[157],CCAGTAAGCGGATGGCTTAGAGCTGGATTGCATCAAAAACAAGAACCCGACCT,53,#7CBB41,Scaf :1 
37[158],41[169],GCTCCATGTTGGTGTGTTCAGCGGGGT,27,#7CBB41,Scaf :1 
41[170],47[178],CATTGCAGCGTAACGATCTAAATAAGTGCCGTCGAGAGGGT,41,#7CBB41,Scaf :1 
47[179],45[181],TGATAACCTATTATTCTGAAAATGGCTTTTGATGA,35,#7CBB41,Scaf :1 
45[182],39[185],TACAGGAGTGAATTGCTCCTTTTGAGAAAGACTTC,35,#7CBB41,Scaf :1 
39[186],41[200],AAATATGCTGGCTGGCGCAGACGGTCAATTTTCTTTGAATCCGCCG,46,#7CBB41,Scaf :1 
41[201],47[221],GGCGCGGCACCCTCAGAACCCAGGCCCGGAATAGGTGTATCACCGTACTCAG,52,#7CBB41,Scaf :1 
33[66],31[90],GTCATAGCCCCCTTATTAGCGTTTGCCATCATAAATCAGGT,41,#803E99,Scaf :1 
31[91],26[66],CGCTGAAGAGCAAAAAAAGCCATAGCTGTTTCCTGTGTGAAATTGTTATC,50,#803E99,Scaf :1 
43[187],43[186],GCATTAGTTTCGTCACGCCTGTA,23,#7CBB41,Scaf :1 
34[220],47[46],TGAGCATACATAAAGGTGGCAACATA,26,#803E99,Scaf :1 
47[47],34[221],TAAAAGAAAAAAGGTGAATTATCACCGTCACCGACT,36,#7CBB41,Scaf :1 
11[104],3[119],ACAACATACGAGCCGGCGCCAGAACTTAAATTAACGCCAGCTGATAAA,48,#DD642D,Scaf :1 
3[120],2[133],TTAATGCCCATAATTAAAGTAATTCTGTCCAGGCA,35,#DD642D,Scaf :1 
2[132],11[133],AGAACGCCTGTTTATCAACAACAGGAGGCCGATGCAGTGTA,41,#DD642D,Scaf :1 
11[134],9[141],AAGCCTGGGGTGCCTAATATCATTTTGCGGATTTGGAAAA,40,#DD642D,Scaf :1 
9[142],3[155],ACGCTCATGGAAATACCGGCGAAAGGGGGATGTTTTGAGAGATCT,45,#DD642D,Scaf :1 
3[156],5[165],ACATAAGGCGTTGATGGCAATTCATCCCACAAGAACAAGA,40,#DD642D,Scaf :1 
5[166],11[169],AAAATAATATGCTTTCCTCGTTAGAACTAACTCACA,36,#DD642D,Scaf :1 
11[170],9[181],TTAATTGCGTTGCGACGTTATTAATTTTAAGACGCTCAATCGTC,44,#DD642D,Scaf :1 
9[182],3[185],TGAAATGGATCGGTGCGGGCCTCTTTGCCTGAGAG,35,#DD642D,Scaf :1 
3[186],2[196],TCTGGATAATGGTTTTGGATTATACTTCTGGTA,33,#DD642D,Scaf :1 
2[195],8[197],ATTGAGCATGTAGAAACCAACTATGGTTGCT,31,#DD642D,Scaf :1 
8[196],11[208],TTGACCCGCTTTCCAGTCGGGA,22,#DD642D,Scaf :1 
11[209],9[215],AACCTGTTTCGACAACTCGTATTTTGGCAGATTCACCAG,39,#DD642D,Scaf :1 
9[216],18[60],TCACACGACCAGTAATAAAAGGGACATTCTGGCCAACAGGTG,42,#DD642D,Scaf :1 
18[59],13[63],CCGGAAACCAGGATCATATGTACCCCGGGACAAAGATAAAACAG,44,#FCB727,Scaf :1 
13[64],20[75],AAATAAAGACATAAAACCAAGTACCGCACTCAGCGG,36,#FCB727,Scaf :1 
20[74],22[79],TCACGCTGCGAGAGGCGGTTTGCGTATTGGGCGCTAGATTAGA,43,#FCB727,Scaf :1 
22[78],15[91],GCCGTCAACCCTTCTGACCTGAAAGCGTAAGGCACTCCAGCCAGCTTCCCCAAAAACAG,59,#FCB727,Scaf :1 
15[92],17[107],GAAGTATGTAAACAGGTTTAACGTCAGAAATGAAACCGTTTTTATT,46,#FCB727,Scaf :1 
17[108],23[113],TTCAAAAGGAGCGGGCGCTATTTTTCTTTTCACCAGT,37,#FCB727,Scaf :1 
23[114],21[109],GAGACGTCTAAAATATCTTTAGGGCACA,28,#FCB727,Scaf :1 
21[110],18[116],GACAATATTTTTGAATGGGGGACGACGACA,30,#FCB727,Scaf :1 
18[115],13[130],GTATATTTAAATTGTAAACGTAACCTCCAGTACCTTTTA,39,#FCB727,Scaf :1 
13[131],23[141],CATCGAAATAAGCGCGCCCAATAGCAAGAAACGTGGCGAGAAACTGATTGCCCTTCA,57,#FCB727,Scaf :1 
23[142],22[141],CCGCCTGGCCATCAACAGTTG,21,#FCB727,Scaf :1 
22[140],15[152],AAAGGCTTTAATGCGCGAACTGATAGCCCGCATCGTAACCGTGCATTCGCATT,53,#FCB727,Scaf :1 
15[153],17[170],AAATTTTCAAAATCATTCGCCTGATTGCTAAAATAAAAGGCTTATCCG,48,#FCB727,Scaf :1 
17[171],23[179],GTATTCTCCAACGTCAAAGGGAGTTGCAGCAAGCGGTCCAC,41,#FCB727,Scaf :1 
23[180],21[182],GCTGAAACCCTCAATCAATATCGCCATTAAAAATA,35,#FCB727,Scaf :1 
21[183],13[188],CCGAACGAATAATGGGATAGGTCATTTTTTAACCAATAGGAAGACGCAAAAT,52,#FCB727,Scaf :1 
13[189],20[197],CGCGCAGAGGCGCGTCTTTTTTTAGCGAACCTCCCGGAACAAGAGT,46,#FCB727,Scaf :1 
20[196],22[210],CCACTCAGCAGGCGAAAATCCTGTTTGATTAAAGC,35,#FCB727,Scaf :1 
22[209],18[220],ATCACCTTGCAGAAGATAAAACAGAGGTGAGGCATTC,37,#FCB727,Scaf :1 
18[219],14[214],TCCGATTTAACAGCAAAAGGGAGGTTCCTGAATCTT,36,#FCB727,Scaf :1 
14[213],12[208],ACCAACGCTAACGAGAATTATTCATTTCAAGAAAACAT,38,#FCB727,Scaf :1 
12[207],18[203],AGCGATAGCTTAGATTAACGCCATCAAAAATAAACGG,37,#FCB727,Scaf :1 
18[202],22[194],CGGATTGACCGCCACCAGCTGAACC,25,#FCB727,Scaf :1 
22[193],17[182],TCAAATATCGTTTGCCCATTAAAGAACGTGGACTAAGAA,39,#FCB727,Scaf :1 
17[183],13[172],CGCGAGGCGCCAGAGCCTAATTTGCCAGTTACTTGAA,37,#FCB727,Scaf :1 
13[173],15[171],TACCAAGTTACTGAGAAGAGTCAATAGTGAATTTATTGTTAAATCAG,47,#FCB727,Scaf :1 
15[172],22[156],CTCACGTTGGTGTAGATGGGCTAAAACATCTGGTCAGTTG,40,#FCB727,Scaf :1 
22[155],14[152],GCAACTGAGAGCGAAAAACCGTCTATCCAAATCAGATATAGACAGCCATA,50,#FCB727,Scaf :1 
14[151],12[146],TTATTTATCCCAATCCGGAGAAACAATAACGGATAGGT,38,#FCB727,Scaf :1 
12[145],15[131],CTGAGAGACTACCTTTTTTAA,21,#FCB727,Scaf :1 
15[132],22[131],TATTTTGTTAAAATCTGCCAGTTTGAGCTATTAGTAATTG,40,#FCB727,Scaf :1 
22[130],17[117],AGGAAGGTTAGGCAACAGGGAAGGGAAGAAAGCGTCGTAG,40,#FCB727,Scaf :1 
17[118],12[111],GAATCATTACAAACGATTTTTTGTTTAACGTCAAATGAATATACAGTAACGGCTTAGGT,59,#FCB727,Scaf :1 
12[110],18[106],TGGGTTATATAACTAATTGTATAAGCAAATCGGCCT,36,#FCB727,Scaf :1 
18[105],22[96],CAGGAAGATCAATACGTGAGCACTA,25,#FCB727,Scaf :1 
22[95],20[88],ACAACTAACAGGGTGGGGGCGCTG,24,#FCB727,Scaf :1 
20[87],14[81],GCAAGTGTATCGAGAACAAGCAAGATAGCAGCCTTTACA,39,#FCB727,Scaf :1 
14[80],12[82],GAGAGAATAAAATTGCGTAGATTTTTGCTGA,31,#FCB727,Scaf :1 
12[81],15[72],TGCAAATCCAATCGCAATTGATAATC,26,#FCB727,Scaf :1 
15[73],22[65],AGAAAAGTCCGGCACCGCTTCTGAGATAGAATAGAT,36,#FCB727,Scaf :1 
22[64],17[50],AATACATTTGCGCGGGGCGTAACCACCACACCCCAA,36,#FCB727,Scaf :1 
17[51],14[50],GAACGGGTATTAAAACAGGGAAGCGCA,27,#FCB727,Scaf :1 
14[49],2[204],TTAGACGGGAGAATTAACTGAACACCCTGAACAAAGTC,38,#FCB727,Scaf :1 
2[203],0[198],AGAGGAATAATGGAAGGGTTTAATTTCATCTTCTGACC,38,#DD642D,Scaf :1 
0[197],9[194],TAAATTGCAAACAAGAGAATCGTGTTGGGAAGGGCGATTAT,41,#DD642D,Scaf :1 
9[195],8[181],TTACAAAATCCTTTGCCCGACTCACTGCGAGCACGTAT,38,#DD642D,Scaf :1 
8[180],1[171],AACGTCCCATCCTAATTTACGAGCGCTAATATCAGAGAGATAACAATA,48,#DD642D,Scaf :1 
1[172],0[173],TAATCCTGATTGTTGAAATACCG,23,#DD642D,Scaf :1 
0[172],6[166],ACCGTGTGATAAAAAGGCTATCAGGTCATCGCTATTACG,39,#DD642D,Scaf :1 
6[165],8[157],CCAGCTTACATTTTAAGTTTGAGTAACATTGAGTGAGTCA,40,#DD642D,Scaf :1 
8[156],2[150],GAGCGGGAGCTAAATAGATAAGTCCTGAATTGAGTTAA,38,#DD642D,Scaf :1 
2[149],0[141],GCCCAATAATAAGAACGCCTGATTATCAGATAAATAAGAAT,41,#DD642D,Scaf :1 
0[140],7[146],AAACACCGGAATGGAGAGGGACAATAATTTTAAAGGGAACAAAGAA,46,#DD642D,Scaf :1 
7[147],6[134],ACCATATCATCATATTACGTAGCTATTGCTGCAAGGC,37,#DD642D,Scaf :1 
6[133],8[104],GATTATTGCAACATAGACAGGAACGGTAAAGCATAACGCCAGCAGTTGGGCGGTTGTGTA,60,#DD642D,Scaf :1 
24[220],37[49],TCATTCTAAAACGAAAGAGGCAAAAGAAT,29,#803E99,Scaf :1 
37[50],24[221],ACACTACTTGAGATGGTTTAATTTCAACTTTAA,33,#7CBB41,Scaf :1 
18[242],22[224],GCGAGTAACAACCCGTCGGGGTCAGTACAGCAAAT,35,#FCB727,Scaf :1 
22[223],16[204],GAAAAATCGGTGGTTAGTGTTGTTCCAGTTTGACTTGCGAAGATGATGAAA,51,#FCB727,Scaf :1 
38[99],47[109],CCCTAACGGCAGCACCGTCTTTTGCTAAACAACTTATAGAAAATTCAT,48,#7CBB41,Scaf :1 
47[110],38[122],ATGGTTTACCAGCGCAGGAATTTTCTGTATGGGAGGTGGTGCCATCCCACGTTACC,56,#7CBB41,Scaf :1 
38[121],37[115],TGCAGCCAGCGGTGCCGGGTACAACGGAGA,30,#7CBB41,Scaf :1 
37[116],42[103],TTTGGCTGCTCATTCAGTGAATAAGGCTATCAAAAATCAGGTCTGTTTTAAA,52,#7CBB41,Scaf :1 
42[102],44[89],TATGCAAAAATAAACAACCGATTGAGGGAGCACAATCATCAACAG,45,#7CBB41,Scaf :1 
44[88],38[85],TTTCAGCGGCAACCGCAAGAATGCCGCATCAGACGA,36,#7CBB41,Scaf :1 
38[84],36[85],TCCAGCGCAGTGTCCCCCAGCGATTATACCGA,32,#7CBB41,Scaf :1 
36[84],42[72],GAAACACCAGAACGAGTAGTTTAAACAGTTCAGAAAGGAAGTTT,44,#7CBB41,Scaf :1 
42[71],44[56],CATTCCAAGGTCAGACGGAAATTATTCATTCGCAAAGAGAACAACT,46,#7CBB41,Scaf :1 
44[55],38[39],AAAGGAATGAACGTCAGCGTGGTGCGCCTGTGCACTCTGTGGTGCTGCG,49,#7CBB41,Scaf :1 
38[38],24[203],GCCAGAATGCGGCGGGCCGTTTTCACGGTCACTACGAAGGCACCAACGTGAATTACCTTA,60,#7CBB41,Scaf :1 
24[202],34[196],TGCGATTTTAAACTGGATAGCGTCCAAATTAGATACATTTCGCCCTCAGAGCCAG,55,#803E99,Scaf :1 
34[195],29[179],CAAAATCACCATTACGCAGAAAAGGAGCCTTTAAGTCT,38,#803E99,Scaf :1 
29[180],26[178],CGTCGCTGGCAGGTTTCTGCCAGCA,25,#803E99,Scaf :1 
26[177],24[179],CGCGTGCCTGTTTCCATTAAACGGGTCTCAT,31,#803E99,Scaf :1 
24[178],27[166],TATACCAGTCAGGACGTTGTTTGCCA,26,#803E99,Scaf :1 
27[167],34[164],GAGGGGGTATGTTTAGCTATATTTTACCCTCAGTAGC,37,#803E99,Scaf :1 
34[163],26[153],AAGGCCGGAAACCCAAAAGGCTTGCTTTCGAGGTGTGCCGTTCCGGCAAAGTCCGTG,57,#803E99,Scaf :1 
26[152],24[146],AGCCTCCTCACAGTTGATTTGAGGACTAAAGACAATCTA,39,#803E99,Scaf :1 
24[145],30[136],CGTTAATAAAACGAACTCAAAATAGCGAGAGGCTGAAAAGG,41,#803E99,Scaf :1 
30[135],34[125],TGGCATCCACCACCGTCGATAGCAG,25,#803E99,Scaf :1 
34[124],26[115],CACCGGAAACCGATTGATACCGATAGTTGAGTGATGAAGGGTAAACGGGTACCGAGCT,58,#803E99,Scaf :1 
26[114],24[110],CGAATTCGTAAATCGGAACGAGGGTAGAACATTATTA,37,#803E99,Scaf :1 
24[109],35[109],CAGGTAGAAAGATTTAACCCTGCAGCGAAAGGCTTGATGACAACTAGCCGAACAAAG,57,#803E99,Scaf :1 
35[110],33[114],TTACCAGAAGTAATCAGTAGCGACAGAATCAAAATCA,37,#803E99,Scaf :1 
33[115],27[120],CCGGAACCAGAGCAATTCTACTAATAGTAAGACGACGA,38,#803E99,Scaf :1 
27[121],25[129],TAAAAACAACGGAACCAACGGCTAC,25,#803E99,Scaf :1 
25[130],32[135],AGAGGCGGATCCCGTTAAACGATGCTGATAATTTCTTA,38,#803E99,Scaf :1 
32[134],33[140],AACAGCGGAAACGCAATAATAACGGAATACGTCACCAATGAAACCAGAACC,51,#803E99,Scaf :1 
33[141],24[156],GCCTCCCTCAGAGCCGCCCATTTGGGGCGCGAGCTTTTGCAAAAGAAGTGGAA,53,#803E99,Scaf :1 
24[155],29[165],GAAATTTTTCATGAGGAAGTTCTTCGCCGCGGT,33,#803E99,Scaf :1 
29[166],34[175],CCGTTTTTTCTTGTATCGGTTTATCAAACTGGCATGATTAAGACTCCTTAGTAGCACCA,59,#803E99,Scaf :1 
34[174],30[186],TTACCATAACCGCCACCCTCAGAGCCACCACAAATG,36,#803E99,Scaf :1 
30[185],26[197],GTCAATAACCATAGTAAAATGTTTAGGAACTGGAAAATACGTAATGCCATAC,52,#803E99,Scaf :1 
26[196],35[199],CGGGGCCTCCGGCCAGAGCACCCAAAAAAAAGGCTCCTATGTTAG,45,#803E99,Scaf :1 
35[200],34[211],CAAACGTAGAAAATACCATTT,21,#803E99,Scaf :1 
34[210],45[43],GGGAATTAGAGCCGCCACCAGAACCACCACCAGAGCCGCCGCCAG,45,#803E99,Scaf :1 
45[44],42[52],CATTGACAGGAGGTTGAGGCTATAACAGTTGA,32,#7CBB41,Scaf :1 
42[51],37[61],TTCCATCCCCCTCAAATGCTAAATTGGGAAACAC,34,#7CBB41,Scaf :1 
37[62],44[74],TCATCTTTGACACTGCGCTGGTCTGGTCAGCAGAGTGAG,39,#7CBB41,Scaf :1 
44[73],47[79],AATAGAAAGCACCACGGAATAAGTT,25,#7CBB41,Scaf :1 
47[80],45[85],TATTTTGTGGAAGGTAAATATTGACGATTGGCCTTGAT,38,#7CBB41,Scaf :1 
45[86],39[90],ATTCACAAACCTAAAGTACGGTGTCTACGAGAATGAC,37,#7CBB41,Scaf :1 
39[91],38[100],CATAATGCCCTGACAAGCGCGAAACAAATGCC,32,#7CBB41,Scaf :1 
15[41],6[217],CATGTCACAAAGCGCCATTCGCCATTCAGG,30,#FCB727,Scaf :1 
6[216],15[40],CTGCGCAACATGAACGGTAATCGTAAAACTAG,32,#DD642D,Scaf :1 
1[84],7[69],AGTAATACAAATTCTTACCAGTATAAAGCCGGAGAAAAGATTAAGGGA,48,#DD642D,Scaf :1 
7[70],9[90],TAGCTCTCACACCGAGTAGAACTCAAACTATCGGCCT,37,#DD642D,Scaf :1 
9[91],1[83],TGCTGACGTTGTAAGACGCAGGCAATGCCTGAGTAATAGCC,41,#DD642D,Scaf :1 
28[115],33[98],TCGTCACCCTCACGTTTACCGTAGCATTAACATCCATTT,39,#803E99,Scaf :1 
33[100],32[84],TCATAATCAAGTTTGCCTTTTAAGCAGAAACCATCGCCCA,40,#803E99,Scaf :1 
32[83],25[69],CGCATCCCGTAAATCGGTTGAATTACGAGAGATTTAGGAATACCACATTATAA,53,#803E99,Scaf :1 
25[70],32[66],CGCCAAAAGGTACCAAAAACATTTCGACATAAAAAAATAAAGCCTTTATT,50,#803E99,Scaf :1 
17[41],8[214],ATCATTCGCCGCGCTTAATGCGCCGCTACAGGG,33,#FCB727,Scaf :1 
8[213],17[40],CGCGTATCAATAATCGGCTGTCTTTCCTT,29,#DD642D,Scaf :1 
0[220],13[45],TTAGTAGAACCTACCATATCAAAAT,25,#DD642D,Scaf :1 
13[46],0[221],TATTTGCACGACGCGAGAAAACTTTTTCAAATATATT,37,#FCB727,Scaf :1 
44[40],29[220],AATAATTTTTTCACGTTGAAAATCTATCCTCATAACG,37,#7CBB41,Scaf :1 
29[221],44[41],GAACGTGCCGGACTTGTATGCGAAT,25,#803E99,Scaf :1 
9[68],6[53],AGAAAAAGAGTCTGTCCATCACGCAAAGACTTTCTGGA,38,#DD642D,Scaf :1 
6[52],1[68],GCCGCGCGAAACGTGAGAAAGGCCAACGCGTAATTTAGGCAG,42,#DD642D,Scaf :1 
1[69],9[67],AGGCATTTTCGGTGTAGGTCAGTCAAAGCCAGTGCCAAGCTTGAGT,46,#DD642D,Scaf :1 
6[83],1[100],GACGTCACCATCAATATGATTATGCGTTATAAGAGAATAT,40,#DD642D,Scaf :1 
1[101],9[98],AAAGTACCGACCTCATATACGTTCTAGGGTTTTCCCAGTCACGGTA,46,#DD642D,Scaf :1 
9[100],6[84],ATATAGTGTTTTTATAATCAGTGAGGCCGGAAAAAGAAAC,40,#DD642D,Scaf :1 
11[221],22[51],CCAGCTGCATTAATGAATCGGCCAACGAGGA,31,#DD642D,Scaf :1 
22[50],11[220],TTTAGAAGTATTAGACTTTACAAACAACGTG,31,#FCB727,Scaf :1 
39[41],30[218],TCATTGACAATTCTGCGAACGAGTAGATT,29,#7CBB41,Scaf :1 
30[217],39[40],TAGTTTGACCTACTGCGGAATCGTCATAAATAT,33,#803E99,Scaf :1 
7[124],0[112],CTCAACAACATGTTCAGACCAAAAGGTACTAGAAAA,36,#DD642D,Scaf :1 
0[111],7[101],AGCCTGTTTAGTATCAATTCAACTTTTAAATAAACA,36,#DD642D,Scaf :1 
7[102],7[123],GCGGATCAAATCCTGAGACCAGAACAATATTACCGCCAGCCAAGTTGGGTTCTG,54,#DD642D,Scaf :1 
